{"cameraMode":{"drawMode":0,"name":"Shaded","section":"Shading Mode"},"sceneLighting":false,"audioPlay":false,"sceneViewState":{"showFog":true,"showMaterialUpdate":false,"showSkybox":false,"showFlares":true,"showImageEffects":true,"showParticleSystems":true},"in2DMode":false,"pivot":{"x":1.4519128799438477,"y":-7.05196475982666,"z":-0.20920181274414063},"rotation":{"x":-0.005970704834908247,"y":0.09883664548397064,"z":0.000593107077293098,"w":0.9950866103172302},"size":8.311983108520508,"orthographic":false}