{"cameraMode":{"drawMode":0,"name":"Shaded","section":"Shading Mode"},"sceneLighting":false,"audioPlay":false,"sceneViewState":{"showFog":true,"showMaterialUpdate":false,"showSkybox":false,"showFlares":true,"showImageEffects":true,"showParticleSystems":true},"in2DMode":false,"pivot":{"x":-59.75408935546875,"y":-30.987207412719728,"z":13.444313049316407},"rotation":{"x":0.004499970003962517,"y":-0.0029999681282788517,"z":0.000013500001841748599,"w":0.9999855756759644},"size":2.1613802909851076,"orthographic":false}