{"cameraMode":{"drawMode":0,"name":"Shaded","section":"Shading Mode"},"sceneLighting":false,"audioPlay":false,"sceneViewState":{"showFog":true,"showMaterialUpdate":false,"showSkybox":false,"showFlares":true,"showImageEffects":true,"showParticleSystems":true},"in2DMode":false,"pivot":{"x":6.863437652587891,"y":1.1823692321777344,"z":-5.045841693878174},"rotation":{"x":-0.040486596524715427,"y":0.012896087020635605,"z":-0.0005232535768300295,"w":-0.9991044402122498},"size":0.46615418791770937,"orthographic":false}