{"cameraMode":{"drawMode":0,"name":"Shaded","section":"Shading Mode"},"sceneLighting":false,"audioPlay":false,"sceneViewState":{"showFog":true,"showMaterialUpdate":false,"showSkybox":false,"showFlares":true,"showImageEffects":true,"showParticleSystems":true},"in2DMode":false,"pivot":{"x":-59.70242691040039,"y":-30.106767654418947,"z":13.452606201171875},"rotation":{"x":0.004499970003962517,"y":-0.0029999681282788517,"z":0.000013500001841748599,"w":0.9999855756759644},"size":2.1548759937286379,"orthographic":false}