{"cameraMode":{"drawMode":0,"name":"Shaded","section":"Shading Mode"},"sceneLighting":false,"audioPlay":false,"sceneViewState":{"showFog":true,"showMaterialUpdate":false,"showSkybox":false,"showFlares":true,"showImageEffects":true,"showParticleSystems":true},"in2DMode":false,"pivot":{"x":-47.000308990478519,"y":-50.53007125854492,"z":22.103023529052736},"rotation":{"x":0.010900700464844704,"y":-0.9855043888092041,"z":-0.06959331035614014,"w":-0.15438055992126466},"size":1.6017042398452759,"orthographic":false}