{"cameraMode":{"drawMode":0,"name":"Shaded","section":"Shading Mode"},"sceneLighting":false,"audioPlay":false,"sceneViewState":{"showFog":true,"showMaterialUpdate":false,"showSkybox":false,"showFlares":true,"showImageEffects":true,"showParticleSystems":true},"in2DMode":false,"pivot":{"x":-60.59892272949219,"y":-38.12089157104492,"z":52.9952392578125},"rotation":{"x":-0.014291279017925263,"y":0.8906773328781128,"z":0.028065932914614679,"w":0.45355430245399477},"size":36.340457916259769,"orthographic":true}